id,VillageName
1,Khairi Hamira
2,Jamuniya Bhura
3,Bamhori
4,Mohli Bharat
5,Richheda
6,Khamra Adku
7,Ghoghri
8,Mehlon
9,Rapha
10,Sarasdol Mal
11,Sarasdol Ryt.
12,Pathar Kuti
13,Purtala
14,Bandhi
15,Lahagadua
16,Nandanwadi
17,Pipardhana
18,Bahmanwada
19,Rangpur
20,Sejawada Khurd
21,Sonpur
22,Kahua
23,Dhoda Kuhi
24,Dighawani
25,Sajwa
26,Umariya
27,Charan Khapa
28,Jhirpani
29,Baheriya
30,Banki
31,Latgaon
32,Sariyapani
33,Kubdi
34,Ghat Pipariya
35,Chimauwa
36,Tendni Mal.
37,Tendni Ryt.
38,Dhabai
39,Nandori
40,Dhadara
41,Mohali
42,Rahiwada
43,Lachhua
44,Saliwada Sani
45,Gadha Chhota
46,Patniya
47,Badegaon
48,Babai
49,Sagonia
50,Kolhiya
51,Banka Mukasa
52,Bhajiya
53,Mandangarh
54,Nandoura
55,Rajoula
56,Singodi
57,Khakra Chourai
58,Guraiya
59,Pindarai Dabir
60,Mehandwada
61,Khami Hira
62,Bangla Mal.
63,Bangla Ryt.
64,Manegaon
65,Aklama
66,Kursipar
67,Pipariya Gumani
68,Bandra
69,Kudwari
70,Kosmi
71,Gagori
72,Jhagdaboh
73,Bardhiya
74,Hatoda
75,Kopakhada
76,Chaneri
77,Chikhli Mukasa
78,Ponari
79,Hiwara Sani
80,Khamra Rajaram
81,Pipariya Rajguru
82,Sukhari Kalan
83,Sukhari Khurd
84,Karbdol
85,Kondra
86,Pipariya Bharti
87,Seja
88,Haran Bhata
89,Charna
90,Dulara
91,Dhanda
92,Borimal
93,Bori Raiyatwari
94,Churka
95,Jungawada
96,Petdeori
97,Bandhani
98,Chargaon
99,Thavri Khurd
100,Barah Hira
101,Barah Hira Ryt.
102,Bhaji Pani
103,Deori Gangaram
104,Dhasanwada
105,Lakhanwada
106,Lahgaduwa
107,Simariya
108,Keolari Jagannath
109,Ghugharla Kalan
110,Ghugharla Khurd
111,Pipariya Manu
112,Putarra
113,Dungariya Raiyatwari
114,Chandangaon
115,Chikhli Kalan
116,Paunar
117,Chhui
118,Chhuwadei
119,Hingpani
120,Thawri Kalan
121,Ranikamat
122,Sakarwada
123,Khami
124,Saliwada Sharda
125,Hirri Mukasa
126,Dhaturiya
127,Bineki
128,Sahkari
129,Jhilmili
130,Pipariya Birsa
131,Markawada
132,Saliwada Ghat
133,Kekda
134,Lingpani
135,Umariya
136,Khireti
137,Chargaon
138,Badela
139,Bilhera
140,Gadha Daryaw
141,Gadarwada
142,Jungawadi
143,Bicchhua
144,Simariya Multani
145,Hirri
146,Chandgaon
147,Diwangaon
148,Vervan
149,Jawahargaon
150,Janglikheda
151,Badosa
152,Sahanwari
153,Bhutan Sawangi
154,Devnadi
155,Lohangi
156,Mohgoan Khurd
157,Chiwri
158,Gungi Dawami
159,Radhadevi Bisa
160,Radhadevi Dawami
161,Ghotni
162,Dangariya
163,Mohpani Mal.
164,Mohpani Bisa
165,Gulsi
166,Kunda Raitwari
167,Khadabeli
168,Bhimal Gondi
169,Paniyari
170,Jamalpani
171,Palatara
172,Majiyapar
173,Ambakuhi
174,Zamata
175,Samarboh
176,Panathawari Mal.
177,Panathawari Raiytwari
178,Goni
179,Gonawadi
180,Bichhua
181,Loharbatri
182,Jamuniya Kalan
183,Ulhawadi
184,Murra
185,Karel
186,Malhanwada
187,Sherpapada
188,Doklikalan
189,Aklma
190,Khairimali
191,Dokli Khurd
192,Surangi
193,Kurai
194,Puntra
195,Gummach Khamariya
196,Datla
197,Khamara
198,Dongargaon Khurd
199,Pipariya Khurd
200,Kisanpur
201,Bachchakuhi
202,Dhamniya
203,Bachchakuhi Raitwari
204,Pipariya Kalan
205,Kekada
206,Gawari Mal.
207,Jungawani
208,Sagar
209,Gawari Raitwari
210,Panjara Dola
211,Kanhasagar
212,Thota Mal
213,Thota Raitwari
214,Naharjhir
215,Pathari
216,Bandhamal
217,Bandha Raitwari
218,Pathara Khurd
219,Gumatara
220,Moya
221,Umariya
222,Khamariya Mal.
223,Mohgaon Kala
224,Silota Kala
225,Chargaon
226,Khamariya Raitwari
227,Singardip
228,Deni
229,Gadhewani
230,Khamarpani
231,Marajatpur
232,Kadaiya No.2
233,Pulpuldoh
234,Palaspani Khurd
235,Umarighat
236,Saliwara Raitwari
237,Antara
238,Ambari
239,Saliwara Mal.
240,Dongargaon Kala
241,Silota Raitwari
242,Silota Khurd
243,Boradi
244,Surrewani
245,Pathar Kala
246,Kokiwara
247,Dhodakhapa
248,Tumadagadi
249,Garhia
250,Bichhawi
251,Kapurkheda
252,Palora
253,Ambaziri Khurd
254,Kanhargaon
255,Ghat Kamth
256,Dholpur
257,Devari
258,Dudhgaon
259,Sanwari No.2
260,Mohagaon Khurd
261,Thuepani
262,Cherrewani
263,Bisanpur
264,Kundai
265,Sawajpani
266,Dunda Seoni
267,Agrapur
268,Palaspani Kala
269,Khairri Khurd
270,Ghorad
271,Pilkapur
272,Dahoda
273,Chandkapur
274,Amati
275,Sirepani
276,Jamuniya Khurd
277,Niwari
278,Ambaziri Kala
279,Barkuhi
280,Chichgaon
281,Sonakhari
282,Dhanegaon
283,Chakara
284,Torani
285,Choure Pathar
286,Munganpar Raitwari
287,Madkasur
288,Barraghati
289,Chicholi
290,Baregaon
291,Jaitpur
292,Sonpur
293,Jamalapani (Viran)
294,Tekapar
295,Kursipar
296,Boriya
297,Khairaji
298,Pindrai Saraf
299,Hiwarkhedi
300,Maduwa Dhana
301,Keolari Sambha
302,Deori Kalan
303,Muwar
304,Kalkoti
305,Tundwada
306,Jurtara
307,Ramgarh
308,Pipariya Fatepur
309,Bagdari
310,Madai
311,Amabon
312,Gopalpur
313,Narayanpur
314,Ghogari
315,Kunda
316,Parasia
317,Sagar
318,Hivara Kalan
319,Tumda
320,Singna
321,Lohara
322,Mehngora
323,Dhanora
324,Barhbaryari
325,Bamanwada
326,Machaghora
327,Chichgaon
328,Lekhdi
329,Khatkar
330,Siregaon
331,Lungsi
332,Thavary
333,Bichhua
334,Sanwari
335,Guraiya
336,Chandanwada
337,Kamati
338,Hatora
339,Hathani
340,Pipariya Ratti
341,Khirkhiri
342,Kapurdda
343,Haran Bhata
344,Pipariya Mansingh
345,Kirangipar
346,Machiwada
347,Jamuniya
348,Kedarpur Kalan
349,Kedarpur Khurd
350,Bijhawara
351,Bilanda
352,Salkni
353,Surjana
354,Sarra
355,Khamariya Khurd
356,Ghorawadi
357,Samaswada
358,Mohagaon Bisala
359,Futera
360,Maduwa Khurd
361,Gadhkhapa
362,Hardua Ryt.
363,Hardua Mal.
364,Sitajhir
365,Simariya Kalan
366,Karaboh
367,Sitapar
368,Dungaria
369,Kheri Khurd
370,Mohagaon Khurd
371,Nawegaon Makariya
372,Umariya Somji
373,Amta
374,Muari
375,Madhawani
376,Markahadi
377,Udadon
378,Sihora Bisala
379,Chorgaon
380,Keria
381,Sihora Mal.
382,Jhilmili
383,Banka Nanganpur
384,Palhari
385,Palatwara
386,Paladaun
387,Mohgaon Kalan
388,Khut Pipariya
389,Barelipar Ryt.
390,Barelipar Mal.
391,Tendni
392,Morkha
393,Hasanpur
394,Sidap
395,Giratiya Bisala
396,Giratiya Damani
397,Auriya
398,Hirri
399,Amajhiri
400,Deori Mal.
401,Deori Ryt.
402,Dutmur Mal.
403,Dhutmur Ryt.
404,Karlai
405,Keriya
406,Rajalwadi
407,Khutiya
408,Parsoli
409,Pajra
410,Nandna
411,Loni Khurd
412,Loni Kalan
413,Tighra Bisala
414,Jhiriya
415,Tighra Champat
416,Chikhli Khurd
417,Badiwara
418,Dhimarmeta
419,Chand
420,Gohargaon
421,Moghar
422,Gumgaon Damaghir
423,Khapa Bihari
424,Ghoghri Harhar
425,Kodhar Khapa
426,Mudiya Kheda
427,Bamhnitora Mohgaon
428,Naulajhir
429,Parasgaon Sarra
430,Nilkanthi Kala
431,Nilkanthi Khurd
432,Pathra Jangli Mal.
433,Pathra Jangli Ryt.
434,Nisanjanoji
435,Chorbatri
436,Nawegaon Gond
437,Ragda
438,Dilawar Mohgaon
439,Batri
440,Pakhadiya
441,Kanhar Pipariya
442,Salai Chhindi
443,Khairimata
444,Satoti
445,Chandan Gaon
446,Badgaon
447,Titri
448,Lalgaon
449,Harna Khedi
450,Bhand Pipariya
451,Wikla
452,Khairi Rani
453,Kauwa Kheda
454,Belgaon
455,Bamhni Lala
456,Pachgaon
457,Singodi Tola
458,Dhamniya Ryt.
459,Dhamniya Mal.
460,Dhamniya Bissala
461,Kukarai
462,Sankh
463,Siras
464,Singodi
465,Sajpani
466,Kona Pidrai
467,Halal Kalan
468,Halal Khurd
469,Halal Ryt.
470,Pauniya
471,Amgaon
472,Pipariya Khati
473,Khairghat
474,Tap
475,Hiwra Jaisingh
476,Bari
477,Jamuniya
478,Megdon
479,Patlon
480,Rampuri
481,Dawajhir
482,Mandariya
483,Kokiwada
484,Dhaulpur
485,Banskheda
486,Jamtra
487,Kumbhpani
488,Rohana Kalan
489,Bhaisadand
490,Thuniya Udana
491,Chargaon Bhat
492,Guraiya
493,Usariya
494,Poama
495,Gangiwada
496,Moadei
497,Manegaon
498,Dungariya
499,Karaboh
500,Partala
501,Khairi Bhopal
502,Thuniya Bhand
503,Imli Kheda
504,Sarra
505,Matkuli
506,Saraswada
507,Boriya
508,Kusmeli
509,Ajaniya
510,Pipariya Birsa
511,Sarna
512,Dunda Seoni
513,Lahgadua
514,Khapa Mithekhan
515,Jhanda
516,Rohana Khurd
517,Kudwari
518,Jhirlinga
519,Gangai
520,Keolari
521,Thawari Khurd
522,Sonkhaba
523,Bijori Khurd
524,Kacharia
525,Bamhni
526,Kaparwadi
527,Chhinda
528,Chhabadi
529,Seoni Megha
530,Chargaon Pehlad
531,Lakdai Jamhodi
532,Pipariya Lalu
533,Anghodi
534,Pipariya Bistsala
535,Raja Khoh
536,Nagjhir
537,Jhiri
538,Bangaon
539,Ner
540,Jamuniya
541,Dewardha
542,Karaghat
543,Mohgaon
544,Sihora
545,Karbe Pipariya
546,Dagawani Pipariya
547,Thawari Teka
548,Chausra
549,Bhula
550,Bhutera
551,Jamhodi Panda
552,Bilamba
553,Dhanori Gusai
554,Loniya Maru
555,Kakai
556,Kheri Laddu
557,Bohna
558,Panth
559,Chanhia Khurd
560,Jatalapur
561,Chanhia Kalan
562,Panjra
563,Kheri Bhutai
564,Mendki Tal
565,Surgi
566,Kabadiya
567,Gadhmari
568,Sahajpuri
569,Sonakhar
570,Pakhadiya
571,Sonpur
572,Malhanwada
573,Atarwada
574,Ghoghra
575,Marai
576,Rangin Khapa
577,Ghat Parasia
578,Navegaon
579,Bhandi
580,Umariya Isra
581,Dauda Raiyatwari
582,Jhajhariya Urf.Khutiya
583,Pulpuldoh
584,Sonapipri
585,Dhamania
586,Khamra
587,Shahpura
588,Kuhiya
589,Thaori Kalan
590,Salaiya Kalan
591,Susarai
592,Dhagdiya
593,Pindrai Kalan
594,Bhanadai
595,Bijepani
596,Dhoulpur
597,Kotalbarri
598,Sunari Mohagaon
599,Bhajipani Kalan
600,Khapa Kalan
601,Umarhar
602,Madanpur
603,Chargaon
604,Sankh
605,Jetama
606,Ubhegaon Khajari
607,Samarboh
608,Rajana
609,Gondara
610,Bhaiskola
611,Jaitpur Kalan
612,Lonia Karbal (Ct)
613,Ojhaldhana
614,Gangai
615,Mukakheda
616,Rater
617,Pathaghat Dhyaniya
618,Malpani
619,Kereli
620,Bhond
621,Kodiya
622,Gheribakodi
623,Chilak
624,Baghi
625,Nikahi
626,Khirkighat
627,Balusar
628,Digdahar
629,Rawalghondi
630,Unchakheda
631,Khamarpani
632,Pando
633,Madhi
634,Chargaon
635,Ghumar
636,Ghaghar Pani
637,Lohajhiri
638,Dabardhana
639,Batkagarh
640,Purpural
641,Noniyadhana
642,Atariya
643,Ankhawadi
644,Kareli
645,Kamtha
646,Kamthi
647,Karaghat
648,Chatni
649,Tipakheda
650,Dhankhudra
651,Nirbhaypur
652,Belkhedi
653,Banskheda
654,Bhoipar
655,Bhais Khoh
656,Moya Kuhi
657,Rojhni
658,Acharkund
659,Chargaon Kalan
660,Churisajwa
661,Champakheda
662,Borpani
663,Sanwla Kheda
664,Saldhana
665,Andol
666,Dorli
667,Chaurasi
668,Jhapat
669,Bitta
670,Banka
671,Jhirna
672,Tehtori
673,Damkhoh
674,Imajhiri
675,Dendu
676,Belpathar
677,Ghorawadi
678,Kothiya
679,Chhuha
680,Dhanora
681,Manakwadi
682,Sagoniya
683,Gutera
684,Jilheri
685,Bichua
686,Bhumka
687,Morkha
688,Khirda
689,Chhinda
690,Nachna
691,Palani
692,Bhalpani
693,Khairi
694,Gunheri
695,Dungariya
696,Padariya
697,Baichhapar
698,Batkakhapa
699,Simariya
700,Khamori
701,Tharwa
702,Noniya
703,Papda
704,Pipariya Kalan
705,Dabri
706,Chhata
707,Madai
708,Umari Khurd
709,Pipariya Khurd
710,Tatighat
711,Chopna
712,Bichua
713,Madopani
714,Deori
715,Piparpani
716,Kachhar
717,Kundali
718,Kohpani
719,Khajarwani
720,Churi Khurd
721,Churi Kalan
722,Dhokheda
723,Balbudi
724,Matiya
725,Mohriya
726,Samardoh
727,Salebaru
728,Kotra
729,Khala
730,Khatopani
731,Chikhla
732,Chhata Khurd
733,Budena
734,Bhaisa Khurd
735,Bhond
736,Muwar Kalan
737,Mohani Ghat
738,Kundali
739,Gadagad
740,Ghoghri
741,Chanda Doh
742,Chhinda
743,Dunda
744,Tuiyapani
745,Dhadhra
746,Partapur
747,Bamhni Khurd
748,Bamhni Kalan
749,Siyar Kheda
750,Harsuya
751,Mudiya
752,Motikund
753,Jamunpani
754,Kalithuni
755,Jogiwari
756,Dhoda
757,Tendni
758,Tendukheda
759,Marka Pathar
760,Salaiya Swami
761,Singodi
762,Hathi Khoh
763,Kukrepani
764,Kolhiya
765,Boriya
766,Mahulkuhi
767,Mehanda
768,Mohariya
769,Ratomati
770,Siyajhiri
771,Sironj
772,Dhodabeli
773,Kewlari
774,Jhirpi
775,Nawalpur
776,Pataniya
777,Bamhori
778,Badsaliya
779,Sondhni
780,Haran Bhata
781,Teliya
782,Barul
783,Bargi
784,Balghoghra
785,Bichhua
786,Muarsani
787,Sathiya
788,Amari
789,Padhar Bhata
790,Nandana
791,Pathara
792,Pipariya
793,Bheda
794,Bhaisa Kalan
795,Sukhapura
796,Karaiya
797,Kokan Pipariya
798,Basuriya Kalan
799,Bandaboh
800,Salaiya Bulaki
801,Sajwa
802,Kachmara
803,Aharwada
804,Khamtara
805,Raiyarao
806,Sundesondi
807,Karer
808,Gunguch
809,Gaorpani
810,Dharmi
811,Kamkasur
812,Medki
813,Kohpani
814,Chhatar Kalan
815,Bhorgarh
816,Thaori
817,Ghondi
818,Baratmari
819,Budhena
820,Basuriya Khurd
821,Hadai
822,Rajadhana
823,Karapatha
824,Jamuniya
825,Tinsai
826,Dahiyar
827,Sejwada Kalan
828,Khapa
829,Surla
830,Surli
831,Barud
832,Chhatiam
833,Kharsi Adewas
834,Gangwani
835,Almod
836,Bijori
837,Charkhda
838,Sangakheda
839,Jhapiya
840,Bichbehari
841,Seonighat
842,Pilhawadi
843,Dhannor
844,Patre
845,Mohagaon
846,Uchetemru
847,Kukarpani
848,Hardoo
849,Temru
850,Dhobe
851,Batri
852,Pindrai Khurd
853,Tarai
854,Gop
855,Harra Pathar
856,Gurre Khurai Mau
857,Tandsi
858,Kusumpath Barudhana
859,Satijhiri
860,Bakhari
861,Dhodra Mau
862,Karanjpani
863,Nonkhadak
864,Kangra Sindrai Mau
865,Lakhapur
866,Chandniya Koyalwadi
867,Rakhi Kol
868,Bhardagarh
869,Keriya
870,Rampur
871,Biramdoh
872,Danwa
873,Bakodi
874,Maregaon
875,Umardoh
876,Banabehara
877,Chicholi
878,Tenkadahana
879,Karanji
880,Mendka
881,Dehri
882,Bichhuwa
883,Lakadbandhi
884,Chaumau
885,Sendal Gondhi
886,Pindrai Kalan
887,Bakatawa
888,Dhau
889,Bhaliam
890,Iklamasani
891,Bhaura Khapa
892,Pipriya
893,Kangla
894,Chandniya Kusumpatha
895,Chikatbarri
896,Nandana
897,Barukheda
898,Khajri
899,Bichhwacharanbhata
900,Mudni
901,Jhot Kalan
902,Jhot Khurd
903,Ghatiya
904,Suwa Am
905,Kodakhuri
906,Gorakhghat
907,Khapa
908,Kowajhiri
909,Junapani
910,Chhawada
911,Bhardi
912,Bijori
913,Mali
914,Sagoniya
915,Ghodawadi Kalan
916,Bhakra
917,Ghodawadi Khurd
918,Karmohni Bandhi
919,Dungariya
920,Churni Chougan
921,Semar Kuhi
922,Mandai
923,Khapa Surju
924,Bhawai Kalan
925,Karhaiya
926,Birajpura
927,Bhawai Khurd
928,Ramnagari
929,Hirdagarh
930,Hirdagarh Chhinddhana
931,Markadhana
932,Toranwadi
933,Mohgaon Mukasa
934,Sarai
935,Keolari Ryt.
936,Mankughati
937,Baliyamau Tandi
938,Khairijinda
939,Nawegaon Kalan
940,Bhordehi Khurd
941,Badnoor
942,Sohagi
943,Jamai Ryt.
944,Nirama
945,Malni
946,Kamtha Ryt.
947,Surnadehi Ryt.
948,Surnadehi Kalan
949,Bichhua Kalan
950,Jamuniya
951,Buchanwadi
952,Roradhekni
953,Piplawadi
954,Chikhlar
955,Ghartiya
956,Seltiya
957,Tekapar
958,Morchhi
959,Ghudela
960,Katangi
961,Barelipar
962,Roradhekni
963,Dhamaniya
964,Khadwadi
965,Talkhamra
966,Khumkal
967,Jatasemar
968,Aradongri
969,Sathiya
970,Korpani Khurd
971,Korpani Kalan
972,Ankiya
973,Ghanaumri
974,Pipriya Mohan
975,Rewaldehi
976,Kathotiya Bute
977,Bindrai
978,Jangaldehri
979,Shatgwari
980,Chordongri
981,Dhakarwadi
982,Simariya Sogar
983,Nimoti
984,Mandla
985,Bamhani Ryt.
986,Bamhani Mal
987,Belgaon Mal
988,Khidki Kaneri
989,Belgaon
990,Bomalya
991,Karanjei
992,Durgwada
993,Jambakiradi
994,Umarghod Khurd
995,Mohgaon Kisan
996,Parwat Ghoghri
997,Madni
998,Sindrai Madho
999,Katkuhi
1000,Bakol
1001,Pipariya Ganu
1002,Bhatodiya Khurd
1003,Bhatodiya Kalan
1004,Simariya Banda
1005,Nawegaon Ryt.
1006,Machi Ghat Mal.
1007,Pohi
1008,Gorakhpur
1009,Machi Ghat Ryt.
1010,Bhimsani Mal
1011,Bhimsani Ryt.
1012,Bhimsani Khurd
1013,Gujarghat
1014,Panara
1015,Dodasemar
1016,Umarghod
1017,Hanotiya
1018,Budhwara
1019,Upli
1020,Dhadra
1021,Khairmandal
1022,Abriya
1023,Tandsi
1024,Bagdari
1025,Khamkheda Ryt.
1026,Chhindikamath
1027,Tumra
1028,Taliwat
1029,Bamhanwara
1030,Imarti
1031,Ghanakheda
1032,Chabdi Damami
1033,Chabdi Bhutaha
1034,Khapa Swami
1035,Dugriya
1036,Bichuwa Mal
1037,Kekda Nimdhana
1038,Purena Kothideo
1039,Deduwada
1040,Purena Khalsha
1041,Bichhua Khurd
1042,Kohliya
1043,Patniya
1044,Bilawar Khurd
1045,Umradi
1046,Bilawar Kalan
1047,Muari
1048,Karan Pipariya
1049,Khamra Kalan
1050,Goodum
1051,Kota Khari
1052,Belkhedi
1053,Mohriya
1054,Morkund
1055,Taterwada
1056,Kewlari
1057,Rechhera
1058,Dhawasiya
1059,Dorli
1060,Manduwa
1061,Aliwada
1062,Garadei
1063,Chikhalmou
1064,Junnor Bi.
1065,Junnordawami
1066,Ghutti
1067,Umariya Purali
1068,Jamkunda
1069,Najarpur
1070,Khajriphulsa
1071,Chatuwa
1072,Dhadhara
1073,Khairwani
1074,Khapaswami(Sarekhadhana)
1075,Datlawadi
1076,Chetuwa Newegaon
1077,Nolakhapa
1078,Bhichwadansa
1079,Naketiya
1080,Kari
1081,Burikda
1082,Burikhurd
1083,Kelmundi
1084,Koket
1085,Kohniya Ryt.
1086,Bhadri
1087,Kalimati
1088,Imarti Kheda
1089,Kanhan
1090,Padhar
1091,Tekapar
1092,Panara (Ct)
1093,Pal Chaurai (Ct)
1094,Umardoh
1095,Kundai
1096,Rahap
1097,Dhagadiya Mal
1098,Dhagadiya Ryt.
1099,Bichhuwa Baitul
1100,Hirawadi
1101,Dodia
1102,Rajola Ryt.
1103,Pandhri Khapa
1104,Parasia Baitul
1105,Maini Khapa Mal
1106,Maini Khapa Ryt.
1107,Chhura Boha
1108,Kohat Mal
1109,Rajola Mal
1110,Chourai
1111,Kohat Ryt.
1112,Tikadi
1113,Sangam
1114,Deep
1115,Bhawari Ryt.
1116,Bijagora
1117,Mehlari Bakol
1118,Mohgaon Narajee
1119,Belkheda
1120,Mujawar Mal.
1121,Matia Doh
1122,Bhudhena
1123,Lawa Ghoghri
1124,Govindwari Mal
1125,Govindwari Ryt.
1126,Machhera
1127,Pardhan Ghoghari
1128,Junapani Ryt.
1129,Junapani Mal
1130,Donger Temni
1131,Temni Khurd
1132,Salaiya Kalan
1133,Saori
1134,Temni Kalan
1135,Gubrel
1136,Hatlewa
1137,Pathra Khokar
1138,Shankarpur
1139,Kalkot
1140,Ambamali
1141,Jhala Kuhi
1142,Palakheda
1143,Sonmau
1144,Khari
1145,Shakkar Jhiree
1146,Kalathuni
1147,Deogarh
1148,Lohangi
1149,Singpur
1150,Saroth
1151,Mahalpur
1152,Satnoor
1153,Chhabri
1154,Sohagpur
1155,Khapaniyar Sohagpur
1156,Rajada
1157,Jarond
1158,Bhortalai
1159,Badnoor
1160,Salaiya Khurd
1161,Karla Kalan
1162,Patniya
1163,Paunar
1164,Bhairopur
1165,Badiwara
1166,Bhutai
1167,Baheriya
1168,Satoti
1169,Narsala
1170,Pathrashivlal
1171,Tikari
1172,Khunajhir Khurd
1173,Tiwara Kamath
1174,Khairwada
1175,Banda Boh
1176,Narangi
1177,Pathranisf
1178,Bihdrai
1179,Bhandkhapa
1180,Dundaseoni
1181,Beesapur Kalan
1182,Goreghat
1183,Gadarwada
1184,Lendaghondi
1185,Lonia
1186,Arjunwadi
1187,Kukada Chiman
1188,Shikarpur
1189,Paunari
1190,Jaitpur Khurd
1191,Linga
1192,Devardha
1193,Khunajhir Kalan
1194,Salimeta
1195,Badgona Joshi
1196,Palamau
1197,Kodamau
1198,Bhajipani Khurd
1199,Buchnai
1200,Pathranai
1201,Sarora
1202,Chikhali Kalan
1203,Bisapur Khurd
1204,Lalgadua
1205,Anjani
1206,Simariya Kalan
1207,Gonawadi Fakeer
1208,Umariya Dalel
1209,Jam
1210,Rajoli
1211,Rajegaon
1212,Khapanear Rajegaon
1213,Kamthi
1214,Chargaon Karbal
1215,Nawegaon Udasi
1216,Mohkheda
1217,Mau
1218,Khedi
1219,Gadhmau
1220,Mardai Kalan
1221,Urdhan
1222,Ambajhiri
1223,Sillewani
1224,Banda
1225,Bhairopani
1226,Jamuniya Mal
1227,Jamuniya Badi
1228,Rangari Talab
1229,Lans
1230,Ghoghari
1231,Tinkuhi
1232,Tansara Mal
1233,Tansara Ryt.
1234,Tara
1235,Bothiya
1236,Kukadi Khapa
1237,Gwara
1238,Umariya
1239,Sirkuhi
1240,Karer
1241,Bhandar
1242,Futera Mal
1243,Futera Raiyatwari
1244,Gorakhpur
1245,Hiwara Wasudeo
1246,Ekalbihari
1247,Adwar
1248,Turki Khapa
1249,Gohjar
1250,Sarngbihari
1251,Jhiriya
1252,Pindrai Khurd
1253,Kukada Kirar
1254,Partalai
1255,Jamuniya Madho
1256,Kundali Khurd
1257,Raipura
1258,Bamla
1259,Kekada
1260,Nawalgaon
1261,Bodi
1262,Nishan Daryao
1263,Thaori Khurd
1264,Jakhawadi
1265,Murmari
1266,Bhaurar Khapa
1267,Chhipanala
1268,Chindboh
1269,Badgona
1270,Bargaon
1271,Pipalgaon
1272,Mehlari
1273,Vijaygarh
1274,Kusumdhana
1275,Pipariya
1276,Totkadei
1277,Najarpur Ryt.
1278,Salai
1279,Dighori
1280,Narsala
1281,Pathara
1282,Mundi Dhana Ryt.
1283,Jamlapani
1284,Lonadei Mal
1285,Kaudiya
1286,Ghogara Ryt.
1287,Pathai
1288,Sonpathar
1289,Dholankhapa
1290,Bamla
1291,Lonadei Ryt.
1292,Chiman Khapa
1293,Bhaisa Dongri Ryt.
1294,Karaghat Kamthi
1295,Chhindboh
1296,Barighat
1297,Palaspani
1298,Jamghat
1299,Chikhali Mukasa
1300,Chikri Ryt.(Viran Gram)
1301,Uttamdera Ryt.
1302,Uttamdera Mal.
1303,Dhanora
1304,Chhabdi
1305,Met
1306,Kundali
1307,Birolipar
1308,Sawajpani Mal.
1309,Sawajpani Ryt.
1310,Ambada Mal.
1311,Ghogri
1312,Raibasa
1313,Buchankhapa
1314,Bhajipani
1315,Pither Ryt.
1316,Bandhan
1317,Paunar Mal.
1318,Paunar Ryt.
1319,Nandanwadi Ryt.
1320,Nandanwadi Mal.
1321,Markawada
1322,Changoba
1323,Pither Mal.
1324,Sendurjana
1325,Rajdongri
1326,Deonala Ryt.
1327,Deonala Mal.
1328,Sirata
1329,Chatwa
1330,Temni
1331,Gaykhuri
1332,Lendaghondi
1333,Mangurli
1334,Ambada Alias Maini Dhana Ryt.
1335,Morghondi
1336,Lendhori
1337,Kamthi Kalan
1338,Dholan Khapa B.S.
1339,Duddewani
1340,Dholan Khapa Ryt.
1341,Sillewani
1342,Gadmau
1343,Khadki
1344,Bhuyari
1345,Belgaon Dawami
1346,Sawajpani
1347,Umara Makta
1348,Bhuli
1349,Markawada
1350,Kalapatha
1351,Bhimkhedi
1352,Khedidhan Bhoyarwar
1353,Umari Khurd
1354,Junewani
1355,Parsodi
1356,Ringankhapa
1357,Gorlikhapa
1358,Bhatewadi
1359,Piparpani
1360,Bichhawasani
1361,Borgaon
1362,Mandvi
1363,Mohi
1364,Teegaon
1365,Chikni
1366,Itawa
1367,Bichhuwa Kalan
1368,Kolikhapa
1369,Pandoni
1370,Ghudankhapa
1371,Pailepar
1372,Marood
1373,Wakora
1374,Khedi Pandewar
1375,Chichkheda
1376,Mohgaon
1377,Warjali
1378,Khedi Dhajjewar
1379,Ajangaon
1380,Khedikala
1381,Bhandargondi
1382,Borkhedi
1383,Godarikhapa
1384,Kamthi Khurd
1385,Deo Khapa
1386,Pandurna Kasba
1387,Ambakhapa
1388,Magajgaon
1389,Wadegaon
1390,Kalamgaon
1391,Heti
1392,Hardoli
1393,Bangaon
1394,Biroli
1395,Lavhana
1396,Jatlapur
1397,Linga Eletir
1398,Mohkhedi
1399,Rajora Kalan
1400,Khapar Kheda
1401,Joga
1402,Sonegaon
1403,Hiwara Prithwiram
1404,Umarikalan
1405,Ambada Khurd
1406,Chichghat
1407,Gujarkhedi
1408,Junapani Dawami No.1
1409,Junapani Mal.
1410,Dudha
1411,Rajora Khurd
1412,Junapani Dawami No.2
1413,Nandpur
1414,Pardi
1415,Nilkanth
1416,Dhawadi Khapa
1417,Mordongri
1418,Dadhimeta
1419,Malegaon
1420,Khairipaika
1421,Karvhar
1422,Kukadikhapa
1423,Langha
1424,Khapa Razadi
1425,Wadda Dawami
1426,Wadda Mal.
1427,Seoni
1428,Rajana
1429,Temni
1430,Ghogari
1431,Hiwarasenadwar
1432,Kondhar Mal.
1433,Chicholi
1434,Sitapar
1435,Kodhar Roadikheda
1436,Vagholi
1437,Ajangaon
1438,Boghiya
1439,Narayan Ghat
1440,More Ghat
1441,Borpani F.V.
1442,Govindpur
1443,Balapur F.V.
1444,Malapur
1445,Vada
1446,Ghogari Ryt.Wari
1447,Thawari Damodar
1448,Pipraj
1449,Bhajipani
1450,Darbai
1451,Lonikalan
1452,Likhawadi
1453,Khairi Kalan
1454,Seregaon Khurd
1455,Kirwari
1456,Belgaon
1457,Suthiya
1458,Sailakheda
1459,Kondra
1460,Lonapathar
1461,Budlapathar
1462,Pathakhuri
1463,Jamunbarra
1464,Pagara
1465,Kohka
1466,Tursi
1467,Damua
1468,Dhamniya
1469,Kari Dongri
1470,Paijanwadi
1471,Semartal
1472,Titra
1473,Buddi
1474,Duddi
1475,Dungariya
1476,Harra Het
1477,Paijanwada
1478,Pipariya
1479,Mainawadi
1480,Parasia Gauli
1481,Barariya
1482,Mayawadi
1483,Sirgori Khurd
1484,Nawegaon
1485,Rawanwada
1486,Harrai
1487,Khamra Jethu
1488,Khirsadoh Ryt.
1489,Dhala
1490,Kanha Bhainsa Ryt.
1491,Barur
1492,Khairi Ojha
1493,Deori
1494,Bichhuwa Pathar
1495,Chhinda
1496,Kukar Munda
1497,Ghaliwada
1498,Pindari
1499,Mandla
1500,Mandli
1501,Haran Bhatta
1502,Lohangi
1503,Tendukheda
1504,Palatwada
1505,Payali
1506,Jamunia Pathar
1507,Urdhan
1508,Toomdi
1509,Neharia
1510,Bhokai
1511,Balkachhar
1512,Bagbardhiya
1513,Thawari Doma
1514,Sawla Dhana
1515,Jhurre Mal
1516,Jhurre Ryt.
1517,Mathni
1518,Sirgori Kalan
1519,Thesgora
1520,Pandhrapani
1521,Sahpani
1522,Barangateli
1523,Kharichetu
1524,Phutara
1525,Bijori Fulla
1526,Biskhan
1527,Chhitari
1528,Charai Kalan
1529,Bhamodi
1530,Jatachhapar
1531,Shankarpur
1532,Jobnala
1533,Lohari
1534,Shivpur
1535,Junapani
1536,Sethiya (Ct)
1537,Dighawani (Ct)
1538,Sirgora (Ct)
1539,Iklehra (Ct)
1540,Ambada (Ct)
1541,Khapa
1542,Jobani
1543,Baradevi
1544,Silora
1545,Khutamba
1546,Pipla Kanhan
1547,Dukarjhela
1548,Ghoghari
1549,Koparawadi Khurd
1550,Palaspani
1551,Ranpeth Dawami
1552,Ranpeth Mal
1553,Nauthal
1554,Suriya Buriya
1555,Sitapar
1556,Pangdi
1557,Ramakona
1558,Bichhawi
1559,Alesur
1560,Ghadela (Bisala)
1561,Ghadela Malaujan
1562,Devo Bhagakta
1563,Bichuwa Baggu
1564,Khayrinbadosa
1565,Utekata
1566,Haranberdi
1567,Karli
1568,Mendhepathar
1569,Khandseoni
1570,Bargabodi
1571,Kuddam
1572,Rohna
1573,Kajalwani
1574,Ghogri No.2
1575,Rampuri
1576,Karmakadi
1577,Jirola
1578,Nimni
1579,Sayra
1580,Wadegaon
1581,Bhudkum
1582,Ghoti
1583,Khatgal
1584,Partapur
1585,Khedijasodi
1586,Kadhiya No.1
1587,Gujarkhedi
1588,Marram
1589,Jamalapani No.1
1590,Bhumma
1591,Dewli
1592,Khairipanthawali
1593,Sarkikhapa
1594,Nandewani
1595,Ambakhapa
1596,Mungnapar
1597,Chikhali
1598,Panchalkhapa
1599,Kondhar Ryt.
1600,Kondhar Dawami
1601,Razhadipipla
1602,Sawangi
1603,Pandhara Khedi
1604,Chhattrapur
1605,Kanhargaon
1606,Banabakoda
1607,Pindrai
1608,Chirkutaghondi
1609,Maherakhapa
1610,Mohgaon
1611,Singpur
1612,Koprawadi Kalan
1613,Ghogharikhapa
1614,Jakhiwara
1615,Jam
1616,Belgaon
1617,Sawli No.1
1618,Berdi
1619,Jamthi
1620,Waghora
1621,Hiwara Khanderaywar
1622,Hiwari
1623,Lodhikheda
1624,Dhotki
1625,Jamalpani No.2
1626,Gangatwara
1627,Ridhora
1628,Semra
1629,Dhokdoh
1630,Chhindewani Dhadi
1631,Sitapar
1632,Dhoda Borgaon(Bisala)
1633,Dhoda Borgaon Mal.
1634,Dhoda Borgaon No.2
1635,Saykheda
1636,Khaparkheda
1637,Yalkapar
1638,Tinkheda
1639,Gowariwadhona
1640,Gondiwadhona
1641,Paradsinga
1642,Satnoor
1643,Khapa Karimwar
1644,Kodadongri Dawami
1645,Kodadongri Mal.
1646,Kodadongri B1
1647,Kodadongri B2
1648,Dudhala Khurd
1649,Sawanga
1650,Dudhalakala
1651,Lohani
1652,Malegaon
1653,Khapa Padriwar
1654,Khairitaygaon
1655,Bramhan Pipla
1656,Kabarpipla
1657,Palora
1658,Sangam
1659,Razhadi Borgaon
1660,Mehndi
1661,Mogra
1662,Chichghat
1663,Pareghat
1664,Ambari
1665,Mathni
1666,Rangari
1667,Sarra Sawari
1668,Kondasawari
1669,Mangurli
1670,Sawarni Dawami
1671,Sardoni Ryt.
1672,Bhivadoni
1673,Bairagarh
1674,Bhilapar
1675,Ramudhana F.V.
1676,Nandudhana F.V.
1677,Amla F.V.
1678,Gajandoh F.V.
1679,Jobandera F.V.
1680,Pipalgaon F.V.
1681,Bhudkum F.V.
1682,Borgaon (Ct)
1683,Sabarvani
1684,Sahawan
1685,Tapervani
1686,Deokhoh
1687,Mahuljhir
1688,Manakwada
1689,Purtla
1690,Karer
1691,Khanchari
1692,Jhirpa
1693,Panjora
1694,Kohpani
1695,Vasanghati
1696,Kararkheda
1697,Jamunghati
1698,Raini Kheda
1699,Nazarpur Kamthi
1700,Bhimkhedi
1701,Kheri Regadhana
1702,Bamahori Khurd
1703,Khuniya
1704,Bandhi Bodal Kachhar
1705,Anhoni
1706,Jamuniya
1707,Tekapar
1708,Pathai
1709,Paudi Kheda (Viran)
1710,Dharakpani
1711,Mirakota
1712,Kurangla
1713,Dehgaon Kalan
1714,Keolari
1715,Khapa Sani
1716,Chawalpani
1717,Pipariya Sani
1718,Dehgaon Khurd
1719,Dholpur
1720,Manegaon
1721,Khamtra
1722,Paundi
1723,Jhamar
1724,Buddigar Gajgarh
1725,Pindrai Khurd
1726,Harakpura
1727,Dongargaon
1728,Makarkund
1729,Chargaon Khurd
1730,Pindrai
1731,Purtala
1732,Singhodi
1733,Bamhni
1734,Koshmi
1735,Dahiyar
1736,Chakhla
1737,Bodal Kachhar
1738,Gudhi Birdha
1739,Golan Ghati
1740,Samardoh
1741,Karadund
1742,Jamundar
1743,Dalel
1744,Pipariya
1745,Rajola
1746,Kapoornala
1747,Godalpani Urf Pipardar
1748,Gotikheda
1749,Dundi Bhajipani
1750,Chopna Bhajipani
1751,Kiraimau
1752,Nawalgaon
1753,Jamun Kheda
1754,Karaghati
1755,Piperpani
1756,Piper Jhela
1757,Pukhara Ghoghari
1758,Khuna Jhiri
1759,Sitadongri
1760,Delakhari
1761,Dhoukheda
1762,Mugaria
1763,Dauriya Kheda
1764,Pratapgarh Badla
1765,Umariya
1766,Khapa Khurd
1767,Sahradhana
1768,Shrijhot
1769,Jamundhonga
1770,Nishan
1771,Belkhedi
1772,Kursidhana
1773,Bhandi
1774,Mugasiya
1775,Bangai
1776,Harasdiwari
1777,Markadhana
1778,Kankhedi
1779,Dhagdiya
1780,Muttor
1781,Dhobiwada
1782,Gonawadi
1783,Khutti Alias Kua
1784,Bijadhana
1785,Dhusawani
1786,Itawa
1787,Jhilpipariya
1788,Dundisikhar
1789,Tamia
1790,Jamuniya Khurd
1791,Rajdhari
1792,Dob
1793,Hirri
1794,Kundali
1795,Dhurwa Dhana
1796,Sajkuhi
1797,Khamra Jethu
1798,Mankadei
1799,Kajra
1800,Lahgadua
1801,Jaitpur
1802,Aliwada
1803,Khadua
1804,Pandupipariya
1805,Junapani
1806,Dulania
1807,Linga
1808,Gudhichhatri
1809,Ghatlinga
1810,Bhodiyapani
1811,Bakhari
1812,Bijori
1813,Bans Dongri
1814,Bamhori Kalan
1815,Amdhana
1816,Satalba
1817,Karrapani
1818,Palanigel Dubba
1819,Ghanasal Dhana Kodia
1820,Dhurni Malni Domni
1821,Sehrapachgol Khamarpur
1822,Jadmadal Harra Kachhar
1823,Dorli Khamarpani
1824,Supli
1825,Supdongar
1826,Jhiran
1827,Dhodramau
1828,Supdongari
1829,Palani Sani
1830,Chuntipur Sani
1831,Dabak Kundi
1832,Chimtipur
1833,Sukhabhand Harmau
1834,Ghogharigunja Dongari
1835,Kare Amrated
1836,Sidauli
1837,Bijadhana
1838,Dhana Kheda
1839,Kathotiya
1840,Chhindi
1841,Dhodamuar
1842,Umarbah
1843,Banki
1844,Moar Kalan
1845,Jogimuar
1846,Ghatamali
1847,Mordhana
1848,Batra
1849,Dongra
1850,Lotiya
1851,Bamdi
1852,Kumdi
1853,Jhirpani
1854,Nagri
1855,Mankadevri
1856,Pitlimal
1857,Pitli Rayatwari
1858,Chopna
1859,Chauradongri
1860,Babai Pathar
1861,Mohlimata Rayatwari
1862,Mohlimata Mal
1863,Bijorikalan Rayatwari
1864,Bijori Pathar
1865,Bijori Khurd
1866,Bhaismunda
1867,Lakda
1868,Khireti Mal
1869,Khiret Ryt.
1870,Khulsan
1871,Hirripathar
1872,Richhgaon
1873,Sonpur
1874,Kothar
1875,Bijori Khurd Marram
1876,Khara Pindrai (Bijari Ryt.)
1877,Khara Pindari Alis Chhabad
1878,Sindarai Guraiyathar
1879,Sindarai Ryt.
1880,Mendhamal Khapa
1881,Sajwah
1882,Pathar Punji
1883,Ambajhiri Ryt.
1884,Dabak
1885,Mendaki
1886,Khukariya Malagujar
1887,Khukariya Ryt.
1888,Setparas
1889,Itawa
1890,Tandi Ryt.
1891,Kara Bohe
1892,Jamtara
1893,Heerawadi
1894,More Dongri Khurd
1895,More Dongri Kalan
1896,Chandameta Kalan
1897,Khajari Antu
1898,Pachdhar
1899,Thawari Bapu
1900,Bhooli
1901,Gularkhapa Mal
1902,Gularkhapa Ryt.
1903,Nemkuhi
1904,Dongar Khapa Ryt.Wari
1905,Dongar Khapa Mal
1906,Chandametta Ryt.Wari
1907,Umreth
1908,Kachram
1909,Bijakwada
1910,Moyari
1911,Siladehi
1912,Nagalwadi
1913,Gajandohe
1914,Bijori Gumai
1915,Kosmi
1916,Gulba
1917,Ridhora Mal
1918,Chhabdi Khurd
1919,Ridhora Ryt.
1920,Patha
1921,Sonapipari
1922,Chhabdi Kalan
1923,Damua Ryt.
1924,Mankadei Ryt.
1925,Gorpani
1926,Jamunia Jethu
1927,Gorpani Ryt.
1928,Bichhiya Ghati
1929,Dholan Khapa
1930,Gaigohan
1931,Satnoor
1932,Masool
1933,Baranga Khurd
1934,Munga
1935,Siregaon Kalan
1936,Marai
1937,Bijagora
1938,Mothar
1939,Dhabera
1940,Saliwada
1941,Mania Khapa
1942,Kundali Kalan
1943,Mankadei Khurd
1944,Kundali Khurd
1945,Bhawada
1946,Khanswada
1947,Paili
1948,Damua
1949,Tinsai
1950,Chargaon
1951,Mandai Mal
1952,Mandai Ryt.
1953,Jhanki
1954,Mankadei Kalan
1955,Patpada
1956,Domari
1957,Kanhargaon
1958,Tighara
1959,Mujawar Pashchim Ryt.
1960,Mujawar Purwee Ryt.
1961,Aptara
1962,Talpipariya
1963,Karla Khurd
1964,Mal Pipariya
1965,Ghagar Talai
1966,Tigaee
1967,Musadei
1968,Pura
1969,Parsoli
1970,Harna Khedi
1971,Jaithari
1972,Umaria Ojhi
1973,Chopan Tekri
1974,Pathakheda
